person name, credit score, income, age, loan approved?,log
rob,750,80000,32, y,4.903089987
tom,310,32000,45, N,4.505149978
Xi,475,77000,33, Y,4.886490725
Mohan,600,65000,51, N,4.812913357
Pooja,820,550000,35, Y,5.740362689
Sofiya,780,75000,31, Y,4.875061263
